date,actual,predicted,abs_pct_err
2012-06-15,1456620.48,1441876.8056051033,1.0121836536924649
2012-06-22,1729341.34,1747603.5963323251,1.0560238114891216
2012-06-29,433317.33999999997,411509.8590262092,5.032681353991223
2012-07-06,1929092.97,1944745.5742863698,0.8113970933381126
2012-07-13,327383.64,344319.29670390405,5.173030852703586
2012-07-20,1577994.69,1593241.4142776928,0.9662088455882477
2012-07-27,666970.94,634525.7625957559,4.86455637845992
2012-08-03,916918.7,933291.5316109048,1.7856361322879433
2012-08-10,562817.56,572337.8307850622,1.6915376245656064
2012-08-17,1700709.34,1682165.3293765432,1.090369188156332
2012-08-24,1390859.08,1350914.6762327333,2.8719231402844043
2012-08-31,1013556.09,1009392.5866705931,0.4107817387202362
2012-09-07,1868596.92,1831900.450635529,1.9638515386438202
2012-09-14,1710826.33,1771642.831360727,3.554802746151738
2012-09-21,636740.61,627053.1140796392,1.521419518123838
2012-09-28,570045.79,593593.4400161917,4.130834825776302
2012-10-05,953602.57,937392.3645253804,1.699891127036237
2012-10-12,1057425.83,1062958.3988303728,0.5232110539963607
2012-10-19,1385695.2,1361745.043844077,1.728385589841324
2012-10-26,1886110.31,1885284.3031471006,0.04379419636911084
2012-06-15,727049.04,721024.094382136,0.8286849010713259
2012-06-22,1061258.07,1044572.4036578174,1.572253423918149
2012-06-29,1527387.37,1468278.3504285156,3.869942932124974
2012-07-06,1294147.56,1291428.2704939344,0.21012205950190557
2012-07-13,753860.89,713958.7812502276,5.293033406968814
2012-07-20,994935.5,970108.2681058816,2.4953609449173704
2012-07-27,1636823.34,1631711.3459439182,0.31231189897877826
2012-08-03,1195893.44,1241325.4782624922,3.799003886374047
2012-08-10,552344.64,544248.1750680668,1.4658357021321342
2012-08-17,438523.24,440097.1353860907,0.35890809027378684
2012-08-24,1306204.66,1377491.3735612985,5.457545493774196
2012-08-31,1193760.35,1174554.561226763,1.608847937798992
2012-09-07,290444.31,278800.0521879231,4.009118929572725
2012-09-14,978514.11,973727.3816915097,0.48918337094702136
2012-09-21,848320.5700000001,828345.8246109402,2.3546223085289424
2012-09-28,333146.88,327604.25312914606,1.6637186789364327
2012-10-05,508573.16000000003,533123.9171237309,4.827379628868115
2012-10-12,425360.64,414410.5696544123,2.5743026777436993
2012-10-19,1492141.89,1476355.423484881,1.057973549359904
2012-10-26,961800.27,966202.5910556122,0.4577167622974547
2012-06-15,1312613.13,1310896.6848004833,0.1307655058666526
2012-06-22,589316.59,573285.5066768505,2.7202837312198316
2012-06-29,621799.04,627361.3622644249,0.8945530479469499
2012-07-06,338400.82,332839.69714360865,1.643353835960374
2012-07-13,821498.18,797176.7088299746,2.9606238652927277
2012-07-20,1418790.15,1412576.6652965844,0.43794247538408265
2012-07-27,1695105.47,1696209.7012863865,0.06514233514841372
2012-08-03,411152.76,407514.3540826521,0.8849280051891012
2012-08-10,1935509.67,1920654.1078166245,0.7675271487212704
2012-08-17,325041.68,344774.1204449904,6.070741587660515
2012-08-24,1568418.16,1542408.222285941,1.6583547919426609
2012-08-31,687344.68,641758.8313358285,6.632167235828685
2012-09-07,899449.65,899466.9180496805,0.0019198461726580769
2012-09-14,562173.12,559460.5805166163,0.4825096374909649
2012-09-21,1655617.33,1661036.4792348836,0.3273189484482798
2012-09-28,1345133.05,1313159.9887451327,2.376944143545306
2012-10-05,978730.1,1017195.4627659735,3.9301297432227282
2012-10-12,1837095.39,1819935.509929512,0.934076704121933
2012-10-19,1546417.93,1772693.1876646476,14.632218967135724
2012-10-26,687085.6,636505.1813004393,7.361589109065987
2012-06-15,581745.72,579551.9582018557,0.3770997744760921
2012-06-22,967413.02,948433.9908299325,1.9618331341113762
2012-06-29,1080363.68,1060108.3760781812,1.8748597622069942
2012-07-06,1417038.41,1379923.828506215,2.61916552380432
2012-07-13,1842554.79,1879878.533954673,2.025651782906979
2012-07-20,735870.64,709093.1067491833,3.6388913750950507
2012-07-27,1108988.7,1033773.6150955264,6.782313012249223
2012-08-03,1510748.12,1456354.5746478955,3.6004377322742975
2012-08-10,1369801.24,1287468.2174496776,6.010581692152823
2012-08-17,721601.9,717447.9770604577,0.5756529936440483
2012-08-24,1029818.4,967533.8170919451,6.048113231231344
2012-08-31,1703322.24,1643631.4643890986,3.504373641648771
2012-09-07,1160620.74,1194321.1967292784,2.903657979546224
2012-09-14,581854.5,552067.8271107447,5.119264848730282
2012-09-21,428554.63,435091.34233759897,1.5252926651612564
2012-09-28,1298457.09,1304510.0193940122,0.46616322099732105
2012-10-05,1161703.0,1161445.4380984376,0.022171062789919756
2012-10-12,261666.29,273469.0717155059,4.510623709116639
2012-10-19,998281.01,956248.4327231869,4.210495527387934
2012-10-26,911731.0,847358.2959715266,7.06049306522136
2012-06-15,306411.01,308413.0493968325,0.6533836355398797
2012-06-22,484032.75,529702.1591798404,9.435189908087905
2012-06-29,405948.82,416323.2962140518,2.5556118660603007
2012-07-06,1449738.96,1425644.5253834447,1.6619843489999901
2012-07-13,1017814.63,974125.6803615469,4.292426965650226
2012-07-20,1318385.68,1301805.3194881335,1.2576259559999468
2012-07-27,540031.29,533302.6528607967,1.245971717528326
2012-08-03,612876.56,608235.0790959997,0.7573272020715469
2012-08-10,336241.0,330703.26906993025,1.6469529087974852
2012-08-17,822569.16,777415.0788228534,5.489396317404684
2012-08-24,1422606.01,1419058.8310790753,0.2493437322765608
2012-08-31,1692037.41,1694225.8821171944,0.12933946402487875
2012-09-07,418686.66,410883.4577335761,1.8637331952309746
2012-09-14,1892694.19,1936564.5569456287,2.3178793054586793
2012-09-21,329658.1,352476.4719903589,6.92182961388145
2012-09-28,1583977.99,1600218.9362755101,1.0253265119870842
2012-10-05,704347.88,668590.9842494084,5.076595921690238
2012-10-12,878298.22,903015.1979548841,2.8141896900217076
2012-10-19,544770.7,554155.407591354,1.7226894896061835
2012-10-26,1623540.94,1655149.2743119197,1.946876332660866
2012-06-15,1290731.3599999999,1316505.0367052134,1.9968273417648656
2012-06-22,940784.03,979227.8465933044,4.086359394653456
2012-06-29,1778967.94,1815439.1665929249,2.0501340003308273
2012-07-06,1475849.14,1752964.725979178,18.776687838106415
2012-07-13,624099.48,647027.3562121876,3.6737534554887916
2012-07-20,570162.28,610411.5771120697,7.059270408429978
2012-07-27,970053.45,950181.6319803174,2.048528152720094
2012-08-03,1097009.24,1055391.2261196084,3.793770586690009
2012-08-10,1326499.6,1376361.9466962344,3.7589417061440726
2012-08-17,1804518.5899999999,1883278.3693146151,4.3645867518946035
2012-08-24,716341.39,706844.2570727592,1.325783077708354
2012-08-31,1053881.78,1058750.1116219792,0.46194285871221064
2012-09-07,1441056.78,1469208.1144248785,1.9535201399127708
2012-09-14,1349134.12,1341642.5472138089,0.5552874747687239
2012-09-21,718890.8099999999,712224.9203792046,0.9272464647023908
2012-09-28,996540.71,1014403.4790263969,1.7924776024851923
2012-10-05,1696760.04,1670284.581172895,1.5603537449588403
2012-10-12,1115654.36,1257714.4862544101,12.733345680145058
2012-10-19,555954.13,566260.9642521994,1.8539001144212006
2012-10-26,423192.4,430391.40762335766,1.7011193072837887
2012-06-15,1257740.28,1300013.3495690005,3.361033294489106
2012-06-22,1140233.7,1165345.740141132,2.202359055089493
2012-06-29,244338.31,272490.3026439436,11.521726840110984
2012-07-06,942970.63,943734.4380994737,0.08100020034279437
2012-07-13,892229.15,860944.4420001647,3.506353496726191
2012-07-20,291530.43,311839.9819220486,6.966528990489472
2012-07-27,504883.08,529539.8932626633,4.883667969753167
2012-08-03,404634.36,433200.51030743617,7.0597440878318345
2012-08-10,1402463.51,1448247.5892109748,3.2645469122383615
2012-08-17,969406.52,1026208.3868513108,5.85944757740136
2012-08-24,1281989.1,1318929.5286915596,2.881493196124637
2012-08-31,507403.77,531720.3495538331,4.792352952725029
2012-09-07,593128.13,606911.8904520012,2.3239094143117507
2012-09-14,338386.08,330660.83594229206,2.2829674488111196
2012-09-21,773401.71,778610.4380364151,0.6734828704238552
2012-09-28,1562521.99,1438677.488884659,7.925936524921545
2012-10-05,1773036.18,1685600.8152872191,4.931392021158914
2012-10-12,392224.95,414824.12565292825,5.761789415213959
2012-10-19,1938837.8499999999,1941803.9999071418,0.15298597080420748
2012-10-26,341214.43,348938.83533581987,2.263797968866637
2012-06-15,1772499.05,1629732.2266230355,8.054550064608753
2012-06-22,805642.61,703752.8452477428,12.647017857242822
2012-06-29,936205.5,880041.6391225565,5.999095377825003
2012-07-06,578790.36,559233.2410909724,3.378964174356246
2012-07-13,1703848.42,1642504.2095000762,3.600332622307076
2012-07-20,1424047.59,1341547.64050388,5.793342166052188
2012-07-27,1009423.87,972806.0349543423,3.6275974973385265
2012-08-03,1870092.1099999999,1804747.6065942915,3.4941863588584607
2012-08-10,1671256.64,1705114.5383299629,2.0258946184329285
2012-08-17,678024.75,626877.2697255908,7.543600771861082
2012-08-24,641763.53,625562.3040932775,2.524485289265733
2012-08-31,1035247.6699999999,942231.8958054722,8.984881288796117
2012-09-07,1158247.31,1042383.0316565479,10.003414412717447
2012-09-14,1472244.55,1380144.7087160586,6.255743401049873
2012-09-21,2016676.46,1891670.291558317,6.1986228788371465
2012-09-28,693014.59,709926.6807655911,2.440365759917281
2012-10-05,1097786.1400000001,1034577.8349307037,5.75779769539597
2012-10-12,1521683.24,1426145.7230319802,6.278410279922632
2012-10-19,1508236.56,1415721.1746798211,6.134010258986092
2012-10-26,753385.5499999999,711228.2094508162,5.595719289968301
2012-06-15,1101361.74,1052081.1553290344,4.474513947703101
2012-06-22,1857507.92,1723611.540612204,7.208388074479701
2012-06-29,1339623.95,1341989.6711331625,0.17659591209626407
2012-07-06,578832.41,561558.2608308612,2.9843092526796946
2012-07-13,440553.42,432610.62738394254,1.8029124858586827
2012-07-20,1339603.17,1306057.2675383002,2.50416714538677
2012-07-27,1176162.6,1136991.6771331604,3.3304003091783128
2012-08-03,273690.37,283379.8254998686,3.540298293969425
2012-08-10,1000885.5,951305.1538631965,4.953648158236232
2012-08-17,979039.9400000001,815809.7672434998,16.67247331671681
2012-08-24,306602.89,328347.13703679835,7.091990240795947
2012-08-31,519498.32,516988.6251202669,0.48309971045394035
2012-09-07,471086.22,438604.53262432193,6.8950620919622825
2012-09-14,1547878.8,1430578.854443277,7.5781091876652775
2012-09-21,1115215.3,1052170.7090909274,5.653131813119194
2012-09-28,1366816.5,1321481.3155136304,3.3168449814857808
2012-10-05,601592.67,591411.5603321774,1.6923593280853306
2012-10-12,638146.15,622854.6746534867,2.396234051794142
2012-10-19,358461.58,324113.89001385035,9.58197249092906
2012-10-26,843361.1,766203.0447231574,9.14887528922576
2012-06-15,1373449.05,1391855.232920699,1.3401431178461995
2012-06-22,1624355.45,1646568.0566077677,1.3674720399262215
2012-06-29,398046.57,408294.4050978654,2.5745316930793742
2012-07-06,1854772.15,1927882.8161986656,3.941759972979201
2012-07-13,316203.64,332185.5449109468,5.054307695808558
2012-07-20,1529029.0999999999,1518212.9326367695,0.7073879341622977
2012-07-27,694154.13,694771.7830268041,0.08897923387765411
2012-08-03,890488.01,874868.9499047957,1.753988815099742
2012-08-10,530798.73,548449.5474428217,3.325331513664641
2012-08-17,1676002.5,1658487.1871897879,1.0450648379231022
2012-08-24,1299741.72,1307170.240663437,0.5715382178727761
2012-08-31,955975.9,966113.6832039292,1.060464307094896
2012-09-07,1740382.26,1771993.463874517,1.8163368244466591
2012-09-14,1434618.49,1674779.792086472,16.740429860657382
2012-09-21,591335.5,625097.2541728319,5.7094076328635595
2012-09-28,569005.0599999999,600692.0644467355,5.5688440532911265
2012-10-05,942184.11,928337.252704499,1.4696551500429071
2012-10-12,1024784.92,1001019.8711661582,2.3190279608956197
2012-10-19,1267083.26,1341822.6163216662,5.898535532832006
2012-10-26,1799894.75,1854092.8916389656,3.0111839394478803
2012-06-15,668132.36,709074.178419392,6.127800548291358
2012-06-22,969087.67,983197.1434031295,1.4559542794646736
2012-06-29,1383723.32,1403525.8142211086,1.4311021527850307
2012-07-06,1313499.21,1301466.7511027039,0.9160613729867494
2012-07-13,714093.95,699058.6262427367,2.105510592445609
2012-07-20,1004102.63,980605.6512808473,2.3400973184536666
2012-07-27,1623617.7,1611048.6939716453,0.7741358097016702
2012-08-03,1143730.52,1199849.32578392,4.906645822821969
2012-08-10,514709.76,520715.65706843033,1.1668512111428235
2012-08-17,417640.33999999997,433439.3527382736,3.7829230620475154
2012-08-24,1254231.66,1296937.457693848,3.4049369869875674
2012-08-31,1107419.53,1153376.398550501,4.149905912396277
2012-09-07,287033.64,283262.59040301346,1.3138005695034765
2012-09-14,954677.75,935187.3991713255,2.04156332633441
2012-09-21,826217.9,802354.9724762072,2.888212361871225
2012-09-28,298356.83,325609.9288422778,9.134397507265971
2012-10-05,506005.47000000003,523035.035430832,3.3654903831043526
2012-10-12,416036.75,415615.78147227207,0.1011854187708021
2012-10-19,1394660.56,1411808.6428725498,1.229552434790998
2012-10-26,958610.73,965517.1494725572,0.7204613151531549
2012-06-15,1263688.5999999999,1287768.6948505018,1.9055402454767716
2012-06-22,602958.53,593626.031008747,1.5477845534837977
2012-06-29,616391.14,619421.4429937574,0.49162014135333243
2012-07-06,336479.49,320630.89451699133,4.71012229690691
2012-07-13,749817.08,751638.285154383,0.24288659233837265
2012-07-20,1374507.8499999999,1370250.4225771907,0.3097419503867644
2012-07-27,1618912.98,1610730.4659167537,0.5054326072082166
2012-08-03,408610.97,403660.80128531123,1.2114625103405183
2012-08-10,1912153.9,1925710.7918211801,0.708985391875635
2012-08-17,321205.12,335984.2308715744,4.601144238166059
2012-08-24,1520105.59,1517426.0107737612,0.1762758616155662
2012-08-31,686345.69,687586.941050987,0.1808492526538701
2012-09-07,888834.07,860330.2865639313,3.2068734084494177
2012-09-14,513991.57,533197.3125618636,3.736587073181679
2012-09-21,1742260.32,1677745.1676225269,3.7029571090428774
2012-09-28,1329700.22,1315574.5193082863,1.0623222046029082
2012-10-05,938189.73,953149.732160338,1.594560426528863
2012-10-12,1775519.69,1776289.1405273913,0.04333663725190209
2012-10-19,1429314.99,1652570.001982873,15.61972088341934
2012-10-26,592369.22,615677.6326304208,3.9347778114502434
2012-06-15,565297.54,590833.0494800534,4.517180364884185
2012-06-22,934882.51,925942.375826095,0.9562842473013011
2012-06-29,1033543.56,997704.0294678009,3.4676361906022803
2012-07-06,1267336.14,1324184.7565301554,4.485677851036074
2012-07-13,1726741.41,1838407.9462165192,6.466893975544336
2012-07-20,691242.33,710181.4187094676,2.739862402446863
2012-07-27,982195.01,976068.027040851,0.623805140198081
2012-08-03,1378767.78,1400846.780762942,1.601357464484847
2012-08-10,1314560.05,1297232.495005493,1.3181257862284035
2012-08-17,685676.58,687208.2434161672,0.22337986462469747
2012-08-24,1003882.08,985545.878475813,1.8265294190914332
2012-08-31,1602859.75,1597528.4667438038,0.33261071383171137
2012-09-07,1128268.72,1166829.6132151813,3.417704712684165
2012-09-14,506822.36,512264.34709057095,1.0737464484737747
2012-09-21,427491.04,430269.30209911655,0.6498994924236483
2012-09-28,1285001.9,1302384.216209277,1.3527074325164141
2012-10-05,1131950.56,1171715.927008005,3.5129950382289694
2012-10-12,253205.88999999998,276776.9089974804,9.309032660132994
2012-10-19,951097.59,932214.0052185233,1.9854518589913204
2012-10-26,841229.84,801878.405135048,4.677845814997718
2012-06-15,303289.55,312620.4979166273,3.0765807515053973
2012-06-22,503744.56,529197.9009710094,5.05282696670896
2012-06-29,415786.54,415244.10928010877,0.1304589417183187
2012-07-06,1481858.61,1425343.8422813632,3.8137759795205355
2012-07-13,947865.47,979278.1234263837,3.314041329766316
2012-07-20,1276101.66,1310458.4177172063,2.6923213717319654
2012-07-27,530188.56,543136.0447384714,2.442052830878006
2012-08-03,592956.26,598384.4140927636,0.9154392084103389
2012-08-10,337819.16,328876.8249446861,2.647077523759721
2012-08-17,737613.65,747330.2641962362,1.3173040108783411
2012-08-24,1337475.97,1344091.4205969132,0.49462201529596306
2012-08-31,1580177.64,1589863.3520567953,0.6129508361348138
2012-09-07,384297.06,392508.9560269845,2.1368615276381497
2012-09-14,1837988.71,1903512.533739188,3.564974223328501
2012-09-21,306827.36,329382.2942107136,7.351017917930658
2012-09-28,1470268.42,1500320.4493973567,2.0439825128908633
2012-10-05,686365.4,676300.7921331413,1.466362941205765
2012-10-12,838227.52,841637.2515271745,0.4067787618300189
2012-10-19,495951.0,509295.37504743686,2.690664006612923
2012-10-26,1704895.81,1666166.9432735378,2.271626600247335
2012-06-15,1269058.96,1291091.9907584153,1.7361707732172942
2012-06-22,915680.27,933657.3723240101,1.9632510290966636
2012-06-29,1690101.28,1752910.5893316325,3.7163044649982426
2012-07-06,1371197.3,1643094.913939239,19.829211590428226
2012-07-13,571235.83,603084.385738265,5.575377815195004
2012-07-20,539337.87,596590.3424605544,10.615325873659575
2012-07-27,900780.63,899312.324384156,0.16300368446465952
2012-08-03,924554.26,978414.9819615777,5.825587993243107
2012-08-10,1205644.76,1288932.681952015,6.908164387660509
2012-08-17,1701614.84,1791620.1562745553,5.289405931283202
2012-08-24,677789.14,714474.2569223793,5.4124675001991385
2012-08-31,925172.28,969764.9395580486,4.819930354814412
2012-09-07,1322941.3599999999,1364416.8320624214,3.1350952745495464
2012-09-14,1239218.67,1273141.9970641693,2.7374770801483597
2012-09-21,659109.53,681483.3270541497,3.3945491660770974
2012-09-28,982608.54,971711.5494313212,1.10898594151022
2012-10-05,1510909.2,1575530.7939784816,4.277000496024619
2012-10-12,1116581.08,1125239.1042921739,0.775404889734814
2012-10-19,475158.24,490492.4261938564,3.227174634255824
2012-10-26,424581.17,429586.102772592,1.1787929202305418
2012-06-15,1215893.11,1283396.7891802571,5.551777423942884
2012-06-22,1117508.87,1168175.0766850065,4.533852754565284
2012-06-29,249134.32,275479.77772508725,10.574800663789413
2012-07-06,917883.79,888620.891841754,3.1880831186969836
2012-07-13,808137.87,778561.2776766686,3.659844863269605
2012-07-20,279643.43,314955.9614084184,12.62769928419861
2012-07-27,514496.11,523848.859834625,1.8178465595444429
2012-08-03,407186.47000000003,422045.1976678256,3.649121167465507
2012-08-10,1413857.8399999999,1442437.0658729635,2.021364882976047
2012-08-17,935369.79,941094.5063515656,0.6120270734385761
2012-08-24,1271263.32,1290938.9803483272,1.547725010136148
2012-08-31,516352.21,508034.72742624837,1.6108157208723188
2012-09-07,572447.52,554481.0313451338,3.1385389974029816
2012-09-14,319867.14,313828.44778242375,1.887875140152333
2012-09-21,711671.58,732774.8645787116,2.96531225522756
2012-09-28,1479393.09,1488234.0604612618,0.5976079326733702
2012-10-05,1722819.11,1666279.1192966467,3.281829785563118
2012-10-12,408146.89,407733.2463458042,0.10134676125936538
2012-10-19,1917581.7,1943602.8551307244,1.356977652150332
2012-10-26,324205.85,361642.89921904966,11.547308359503598
2012-06-15,1563748.69,1565399.1534228446,0.10554531130220496
2012-06-22,680966.29,684058.6709969015,0.45411660493523476
2012-06-29,897076.73,908141.7162720199,1.2334492582390266
2012-07-06,533887.54,557454.7541891411,4.414265631511284
2012-07-13,1770736.96,1731127.8444915484,2.236871788594258
2012-07-20,1376762.57,1386130.5728572218,0.6804370674619485
2012-07-27,955201.71,988533.2214706695,3.4894735972226782
2012-08-03,1771384.63,1803465.9131929777,1.8110851053832266
2012-08-10,1485731.47,1698029.308544835,14.28911232154456
2012-08-17,590742.6,611696.0689279936,3.5469710374693943
2012-08-24,584000.71,608772.7622320016,4.241784608789547
2012-08-31,863264.94,893704.451565039,3.5260914876305587
2012-09-07,1052066.58,1007724.1145246141,4.214796507972529
2012-09-14,1285593.35,1339338.726430039,4.180589175421515
2012-09-21,1796454.06,1880059.5364041792,4.653916749987981
2012-09-28,693785.85,715737.6036136518,3.164053232514305
2012-10-05,1006793.31,996445.6658304062,1.0277823726891682
2012-10-12,1407162.6199999999,1425861.4398906508,1.3288314815135527
2012-10-19,1345038.92,1314291.4731073831,2.2859893818252344
2012-10-26,709824.47,682416.736622311,3.8611987239167775
2012-06-15,1028170.95,1031715.7450660743,0.3447670901491967
2012-06-22,1582271.95,1558199.2854703707,1.5213986779977542
2012-06-29,1274514.68,1350005.107897414,5.923072451186986
2012-07-06,504754.74,504192.00952787424,0.1114859212863961
2012-07-13,425136.55,428869.71255336475,0.8781090577520941
2012-07-20,1286455.47,1309008.7351811684,1.753132207612942
2012-07-27,1147303.82,1182869.4971172845,3.0999353874097957
2012-08-03,258533.12,280871.50266260846,8.640433636745831
2012-08-10,973250.41,946705.572188211,2.7274417291834494
2012-08-17,860741.49,798452.4906973398,7.236667457805505
2012-08-24,304989.97000000003,325916.5684161995,6.861405447595355
2012-08-31,521959.28,527883.0482541948,1.1349100363144722
2012-09-07,461709.22,427976.71203746647,7.306007006430044
2012-09-14,1507913.65,1492464.2907666552,1.0245519850121838
2012-09-21,1016395.87,1002999.7794229835,1.317999312316811
2012-09-28,1349686.15,1358981.7798631769,0.6887252909261135
2012-10-05,565062.22,569522.0389986815,0.7892615787835715
2012-10-12,612960.46,595858.6247586407,2.790038894410793
2012-10-19,342434.26,319586.7827541533,6.672076925318951
2012-10-26,725731.42,749376.3066674483,3.258076750686668
2012-06-15,1430003.29,1436731.406424941,0.47049656962264697
2012-06-22,1643197.21,1638658.1162918874,0.27623548046996765
2012-06-29,386208.71,409285.19086080266,5.975132166439911
2012-07-06,1928621.8099999998,1945678.1643526733,0.8843804557345288
2012-07-13,306759.7,336430.3423176894,9.672275177505185
2012-07-20,1526477.0899999999,1503576.066831117,1.500253316535712
2012-07-27,675926.3,677400.4006277856,0.21808599958095262
2012-08-03,930745.6900000001,873537.8498881106,6.146452325972029
2012-08-10,538713.47,551977.0508172908,2.462084494989668
2012-08-17,1745459.08,1754140.1955549775,0.49735428658559216
2012-08-24,1368675.53,1362328.479043663,0.4637367160598695
2012-08-31,980855.44,981413.7158321155,0.05691723870293834
2012-09-07,1768055.06,1789343.642756954,1.2040678618319733
2012-09-14,1483866.53,1677597.6303618182,13.055830591570672
2012-09-21,590453.63,609827.5636541494,3.281194774625979
2012-09-28,554036.84,587614.7703262817,6.060595235198024
2012-10-05,839918.48,842798.4577231939,0.34288776729783793
2012-10-12,967304.07,977055.8601328551,1.0081411249365653
2012-10-19,1332728.89,1311123.8399534049,1.621113657001541
2012-10-26,1821409.38,1854885.869666948,1.8379442883372048
2012-06-15,700272.01,713803.5412747319,1.9323250224911679
2012-06-22,973812.79,999952.0428600722,2.6842174521113225
2012-06-29,1427070.0,1425363.0037881918,0.11961545066522139
2012-07-06,1374302.01,1314214.0032569866,4.372256338547696
2012-07-13,710496.97,680708.833393878,4.1925775708968915
2012-07-20,1042017.25,1025033.752425335,1.6298672190565946
2012-07-27,1576118.86,1554892.9352135332,1.3467210706727328
2012-08-03,1214495.73,1193454.079830801,1.7325421283448124
2012-08-10,518628.42,488876.9166843314,5.736574041906267
2012-08-17,430878.27999999997,427355.87370216486,0.8174945132614051
2012-08-24,1262273.6099999999,1306526.6757542156,3.5058219868999485
2012-08-31,1185171.27,1187149.654844514,0.166928181149217
2012-09-07,297753.49,286387.3915231782,3.8172847199278133
2012-09-14,1003436.53,956305.2508076581,4.696986583928926
2012-09-21,888368.8,784740.3227902078,11.665028894507804
2012-09-28,298952.28,326451.7918375825,9.198629238613751
2012-10-05,500964.59,525309.6322065167,4.859633333868301
2012-10-12,433823.84,414145.79303261475,4.535953341657129
2012-10-19,1539595.57,1489517.1006187361,3.2527028758119867
2012-10-26,970155.59,968617.2032549976,0.15857113651247978
2012-06-15,1407450.08,1328420.5162709039,5.615088226013402
2012-06-22,558435.65,588153.1768289619,5.321566921625063
2012-06-29,629081.83,595150.7067948452,5.3937534970855525
2012-07-06,333597.31,316079.0281671572,5.251325867358702
2012-07-13,733037.32,755442.9133709685,3.056541974011445
2012-07-20,1423765.35,1426521.7359686755,0.19359833196357612
2012-07-27,1701628.57,1670640.2967380562,1.821095026745104
2012-08-03,388459.07,406515.2848115757,4.648164042501496
2012-08-10,1961186.77,1937336.4758699269,1.2161153896664907
2012-08-17,314021.82,344458.2639720886,9.69246148948776
2012-08-24,1493794.54,1508360.1664890694,0.9750756278081798
2012-08-31,642450.4,667136.5543408461,3.842499645240491
2012-09-07,896613.19,911154.44938633,1.6217985133957298
2012-09-14,535192.71,557817.2444096041,4.227362216799283
2012-09-21,1707438.75,1761358.9273402896,3.1579567548346654
2012-09-28,1394580.8699999999,1459919.131084381,4.685153976361445
2012-10-05,1001774.91,985150.9911729498,1.6594465144919877
2012-10-12,1802231.17,1813550.3917717463,0.6280671403406262
2012-10-19,1494972.52,1662843.3752495034,11.229026152902355
2012-10-26,579738.2,610464.1200994585,5.299964725363715
2012-06-15,521896.60000000003,580755.1876703347,11.277825467790874
2012-06-22,844928.17,835065.4721548366,1.167282402853654
2012-06-29,1048134.24,972645.0333050216,7.2022460305254805
2012-07-06,1322584.1,1337480.729980401,1.126327617306219
2012-07-13,1771107.31,1849506.1233355112,4.426542248053345
2012-07-20,751963.8099999999,765839.9405841506,1.8453189368449352
2012-07-27,981273.26,994868.209004391,1.3854396689043555
2012-08-03,1496636.88,1466999.2996356243,1.9802786340782683
2012-08-10,1324610.19,1293192.2803857801,2.371860782244156
2012-08-17,728467.72,682426.8304726157,6.320237433085478
2012-08-24,1027836.2,998333.7205331828,2.870348355780533
2012-08-31,1584777.89,1599635.207770736,0.9375015807884637
2012-09-07,1161688.81,1172981.2056003155,0.9720671752287444
2012-09-14,417065.98,501572.60092803405,20.262170730883895
2012-09-21,423351.15,427737.7046700955,1.0361504084955249
2012-09-28,1294013.72,1352075.9248361709,4.486985256707393
2012-10-05,1221174.72,1199249.0910719156,1.7954538829697024
2012-10-12,270097.76,281652.9079229044,4.278135413971743
2012-10-19,1008589.12,964282.7030456456,4.3929104603423035
2012-10-26,887979.47,779075.3519844231,12.264260795981787
2012-06-15,315055.5,317017.12426433654,0.6226281605420443
2012-06-22,509633.71,527508.7252387162,3.5074240357287607
2012-06-29,411866.45999999996,409694.23062667635,0.5274110869148254
2012-07-06,1582620.04,1505317.911336748,4.884440150476807
2012-07-13,947011.32,956604.1206613703,1.0129552264877246
2012-07-20,1451203.8800000001,1368133.7208600482,5.724223886443297
2012-07-27,563609.4,553540.5228893163,1.7864991447416787
2012-08-03,628016.52,600493.0489567814,4.382603031400929
2012-08-10,327389.51,316515.74914617935,3.3213528600292217
2012-08-17,722496.9299999999,747403.2620983593,3.44725784486854
2012-08-24,1389950.3,1425244.3292268338,2.539229584455913
2012-08-31,1708340.2,1663750.4505064373,2.610121186258019
2012-09-07,395180.99,401637.94560465607,1.6339236370292194
2012-09-14,1869090.57,1895329.2117482736,1.4038186361548821
2012-09-21,320831.36,345068.9165415752,7.554609543647864
2012-09-28,1470095.91,1459642.626330642,0.7110613394848426
2012-10-05,609099.37,653704.5639927112,7.323139078720646
2012-10-12,936373.65,920613.195482482,1.6831373370574936
2012-10-19,572893.05,561094.8247269735,2.059411485795909
2012-10-26,1649781.76,1669198.7129138794,1.1769406951062071
2012-06-15,1403854.6199999999,1334975.7218527254,4.9064124707781005
2012-06-22,1030359.33,1010454.1164083935,1.9318710484823265
2012-06-29,1811007.38,1791610.9936763325,1.0710274589641575
2012-07-06,1495683.14,1771073.6398425002,18.41235569737721
2012-07-13,606210.77,609868.4163517936,0.603362152703679
2012-07-20,551152.15,581464.6222394763,5.499837429551219
2012-07-27,912196.7899999999,855643.78352181,6.199649801244089
2012-08-03,1145840.91,1026625.679153789,10.404169532244314
2012-08-10,1470068.88,1440101.2027419887,2.038521981229287
2012-08-17,1768572.03,1799222.3385266082,1.7330540123156961
2012-08-24,802003.61,765982.3928296214,4.4914033704135745
2012-08-31,1060964.75,1056317.894809653,0.4379839377648455
2012-09-07,1656841.43,1571979.6820156407,5.121899202168024
2012-09-14,1244830.07,1305880.432431004,4.904312958234046
2012-09-21,756527.64,701764.6954915514,7.238723559187949
2012-09-28,982016.35,1016393.1909072087,3.5006383455029786
2012-10-05,1641657.38,1667013.586567976,1.544549238890283
2012-10-12,1183945.14,1157745.79781085,2.212884812310639
2012-10-19,615055.07,579465.6651940736,5.786376950916993
2012-10-26,425296.64999999997,422801.55172519427,0.5866724496432548
2012-06-15,1291638.83,1327205.8447790972,2.753634681228743
2012-06-22,1226764.81,1185525.7194371568,3.361613426361916
2012-06-29,247672.56,281330.56936527666,13.589720785086836
2012-07-06,926250.21,903378.7248793917,2.469255593540782
2012-07-13,896046.62,851648.9793195816,4.954836019627902
2012-07-20,282600.52,317236.8087192914,12.256272111350464
2012-07-27,522665.04,537534.2217026132,2.8448778021604797
2012-08-03,397428.22,410073.7317288887,3.1818353837301054
2012-08-10,1579540.8399999999,1489466.545316661,5.70256193460239
2012-08-17,923593.1799999999,972304.6980460801,5.274131414231549
2012-08-24,1370524.68,1323813.5001417326,3.408269879406135
2012-08-31,535543.27,530548.5147297953,0.9326520469960792
2012-09-07,596656.06,569540.6728745068,4.54455907570825
2012-09-14,337988.68,326007.009348147,3.5449916996785125
2012-09-21,718232.26,764323.7503390661,6.417351726733374
2012-09-28,1457300.17,1458058.9275263883,0.05206597391588803
2012-10-05,1737574.52,1652048.3010940477,4.922161203535161
2012-10-12,401944.75,404131.60120884114,0.5440676134819865
2012-10-19,1843031.68,1927124.8477285581,4.562763008423067
2012-10-26,344642.01,359166.8950981818,4.214484791967695
2012-06-15,1517565.47,1485574.7453712688,2.1080292917267776
2012-06-22,586467.16,647640.3841542343,10.430801300832306
2012-06-29,976137.73,912254.727086157,6.544466108675364
2012-07-06,576918.9500000001,563017.0910113268,2.4096727952294352
2012-07-13,1573002.75,1632284.6239588298,3.7687075854654286
2012-07-20,1363281.92,1320773.99482716,3.1180583083534192
2012-07-27,1048970.69,1021933.6522892201,2.577482666439404
2012-08-03,1818398.84,1776156.7597465254,2.3230371315830056
2012-08-10,1484934.92,1633901.4938598045,10.0318587605041
2012-08-17,610185.32,617550.7405209721,1.2070792724040154
2012-08-24,551837.3099999999,590971.2653060541,7.091574744385118
2012-08-31,864384.85,880963.0405177058,1.9179177559284926
2012-09-07,1117097.23,650395.1023055764,41.77811162367877
2012-09-14,1463554.42,1481920.3749322053,1.2548870531377563
2012-09-21,1816760.77,1869659.046546902,2.9116809114555036
2012-09-28,763867.59,731389.3253026871,4.251818655810864
2012-10-05,1014714.94,964111.2622942345,4.9869845915312405
2012-10-12,1557329.15,1488591.2127786342,4.413834880145007
2012-10-19,1285621.19,1225170.6876081007,4.702046206308971
2012-10-26,714828.73,705649.6866358694,1.2840898776033445
2012-06-15,1005425.17,999596.2228088022,0.5797494796353557
2012-06-22,1605085.44,1487833.8383830218,7.305006867234319
2012-06-29,1216434.76,1352738.2380719522,11.205161390813284
2012-07-06,545857.85,513641.4939793122,5.901968071117378
2012-07-13,439132.5,417575.58079176233,4.908978317076889
2012-07-20,1278720.08,1303718.240086411,1.9549360706379786
2012-07-27,1144260.62,1166532.537656751,1.9464025299368322
2012-08-03,237129.81,284432.5043481723,19.94801680487674
2012-08-10,933487.71,944882.56692867,1.2206756239640348
2012-08-17,929351.68,789417.1752653939,15.057217600833964
2012-08-24,282647.48,323702.06145809527,14.525012378704133
2012-08-31,538344.1,538100.4815048622,0.045253304557025885
2012-09-07,421192.63,412688.82446299144,2.0189825109258352
2012-09-14,1567137.19,1469792.236497907,6.211642102762744
2012-09-21,963321.19,963554.7312600518,0.02424334297596945
2012-09-28,1273696.09,1304073.02385976,2.3849436375171678
2012-10-05,504760.57,547476.3177112766,8.462576169782157
2012-10-12,593141.29,592047.3503551268,0.184431544948297
2012-10-19,339490.69,327271.12412848056,3.599381730179241
2012-10-26,734297.87,760256.5229795157,3.5351665911159085
2012-06-15,1472368.06,1430505.7868148012,2.8431935140727576
2012-06-22,1654995.39,1614062.4098960825,2.4732987385492002
2012-06-29,390455.41000000003,397500.5411683117,1.8043369326888554
2012-07-06,1845998.97,1924127.429706625,4.232313288160988
2012-07-13,350648.91,351719.0089358052,0.3051767466795214
2012-07-20,1522464.49,1502350.4045299806,1.3211530122465696
2012-07-27,597876.5499999999,651952.9094213201,9.044736646941605
2012-08-03,932160.37,889334.26607681,4.594284985875342
2012-08-10,565867.75,555090.7023167337,1.904517033046386
2012-08-17,1604661.65,1601474.3347683772,0.19862849165882807
2012-08-24,1288657.14,1298217.8649754524,0.7419137859626903
2012-08-31,952912.62,953579.0167437764,0.0699326181425106
2012-09-07,1850335.24,1769806.462407767,4.3521182460013526
2012-09-14,1668964.15,1755638.8004262107,5.1933200857676205
2012-09-21,587259.8200000001,610642.588065442,3.9816734040210653
2012-09-28,537053.47,580345.5715338474,8.061041209518189
2012-10-05,1219339.49,1011899.6114474328,17.012479318009067
2012-10-12,1079344.95,914128.5083089181,15.30710285818096
2012-10-19,1412782.26,1455810.1545648454,3.0456140187409604
2012-10-26,1777609.35,1849437.93028458,4.040740463284573
2012-06-15,642850.26,699121.9930474712,8.753474416806045
2012-06-22,996628.8,983887.289147836,1.2784610330510222
2012-06-29,1418224.41,1464889.1472222893,3.2903634215610094
2012-07-06,1358327.48,1370992.5873151177,0.9324045564562771
2012-07-13,671482.9,694578.005981743,3.439418335410025
2012-07-20,1021359.36,995351.2907501401,2.5464170857414863
2012-07-27,1662921.4,1647310.8149491688,0.9387446123930502
2012-08-03,1317945.3,1242965.7200685516,5.689126850063387
2012-08-10,540811.85,524201.5888440716,3.0713567307980343
2012-08-17,433565.77,414363.3570642219,4.428950407173078
2012-08-24,1241749.46,1289875.336805795,3.8756511161112264
2012-08-31,1093500.25,1143879.6198173133,4.607165825276517
2012-09-07,286428.78,293303.451133833,2.4001328127127963
2012-09-14,972004.86,954627.4460159279,1.7877908536457365
2012-09-21,970592.07,901416.6106353553,7.1271403819160195
2012-09-28,293728.57,323873.4439914114,10.262833469488996
2012-10-05,526838.14,529743.5168155272,0.5514742754818798
2012-10-12,476280.96,399950.7584046207,16.026297082163293
2012-10-19,1492600.63,1436535.7135502112,3.7561900566656417
2012-10-26,1028812.86,989099.5965206929,3.860105663852905
2012-06-15,1297466.81,1289154.3014936508,0.6406721499372525
2012-06-22,593937.13,589491.3614573082,0.7485251078160129
2012-06-29,648051.32,599881.993110123,7.432949429047839
2012-07-06,338737.33,317872.7169761454,6.159525737495367
2012-07-13,766512.66,749846.0516178168,2.174342219237872
2012-07-20,1360725.71,1426997.4760196838,4.870325116417753
2012-07-27,1585597.31,1549662.1073013186,2.266351139223458
2012-08-03,394414.77,398288.0643164981,0.9820358189167452
2012-08-10,1845499.15,1923598.4692698803,4.231880533235706
2012-08-17,299800.67,332064.74889150006,10.761843491377146
2012-08-24,1341272.52,1411098.7058214454,5.2059655871757835
2012-08-31,541137.67,613283.4322846321,13.332238039283437
2012-09-07,883569.38,890005.3351926719,0.7284040550015276
2012-09-14,523427.35,537505.0324509095,2.6895198447137925
2012-09-21,1537865.08,1574967.9677301138,2.412623071597002
2012-09-28,1256413.06,1295912.8339807987,3.1438525464546405
2012-10-05,885892.63,929843.7028619223,4.961218930325939
2012-10-12,1673099.01,1762990.0432079453,5.372726459741632
2012-10-19,1421841.21,1645505.9779330972,15.730643222325593
2012-10-26,527509.76,579355.5196570788,9.828398181121573
2012-06-15,526925.16,566879.7621262836,7.582595244888965
2012-06-22,1044441.03,957711.1987763506,8.303947157614962
2012-06-29,960476.1,867238.1088704412,9.707476441064882
2012-07-06,1305313.94,1334991.5357259954,2.273598313521074
2012-07-13,1746501.91,1798085.8683805421,2.953558658320748
2012-07-20,628494.63,682500.8706862243,8.592951810300162
2012-07-27,904433.94,961945.2800538322,6.358821524746437
2012-08-03,1279041.64,1362693.1155244743,6.540168271962937
2012-08-10,1170150.1199999999,1225953.9949318622,4.768950067010406
2012-08-17,657242.9,674045.801269158,2.5565740260043888
2012-08-24,950436.73,946731.6103063695,0.3898333867663649
2012-08-31,1408990.92,1509778.980858221,7.153208684852351
2012-09-07,1104100.47,1181478.9681741975,7.008284144122999
2012-09-14,475127.18,498616.408315544,4.943777014723516
2012-09-21,437773.31,411717.8310102522,5.951819901891191
2012-09-28,1214788.65,1278155.8045018958,5.216311043233397
2012-10-05,1115151.5,1140811.6393407588,2.3010451351909396
2012-10-12,277417.53,286689.3338738357,3.342183846073337
2012-10-19,955211.7000000001,954193.9553241273,0.10654650438983641
2012-10-26,812278.77,753043.6683031258,7.292459668356745
2012-06-15,301893.63,320356.28959052224,6.115617474446955
2012-06-22,514651.74,529866.9245300657,2.9564039810816034
2012-06-29,426410.24,399589.8500079056,6.289809079653989
2012-07-06,1358675.08,1398762.2283198072,2.950458789588393
2012-07-13,882239.2,903464.4255620805,2.4058356919620563
2012-07-20,1229376.77,1251351.733005611,1.7874880623953042
2012-07-27,567148.65,567908.734126631,0.13401850231522738
2012-08-03,611470.22,602911.9634603645,1.3996195169791714
2012-08-10,347726.67,325864.67782949284,6.287119757166497
2012-08-17,702245.1,736733.3706861584,4.911144369132437
2012-08-24,1385569.95,1366280.1122435494,1.3921951581333385
2012-08-31,1623300.09,1541567.793703234,5.034946822233344
2012-09-07,401383.91,405544.84727779607,1.036647751474666
2012-09-14,1831251.07,1925498.7543285035,5.146628218953256
2012-09-21,307306.76,335825.75925722974,9.28030325698977
2012-09-28,1389340.11,1393717.5321696699,0.3150720358652687
2012-10-05,530842.25,588729.5941168193,10.904811008697843
2012-10-12,857796.45,848595.1054008274,1.0726722638188337
2012-10-19,533756.88,542746.0291331864,1.6841280122115592
2012-10-26,1551859.88,1568053.6209545603,1.0435053553005353
2012-06-15,1300057.69,1291653.376098037,0.6464569969939523
2012-06-22,913654.5,902995.9968358837,1.1665791789036548
2012-06-29,1674391.21,1741867.4879674993,4.029899199452877
2012-07-06,1431798.6099999999,1631427.2749523215,13.942510040034309
2012-07-13,533161.64,566559.7485291797,6.264161939553585
2012-07-20,509942.56,536051.5578382525,5.119987992030419
2012-07-27,931563.62,933977.308686868,0.2591007887220907
2012-08-03,971386.65,883813.452939796,9.015276981643098
2012-08-10,1284184.53,1287368.6190123914,0.2479463767089142
2012-08-17,1762426.14,1788792.8075885517,1.4960438335618287
2012-08-24,667151.46,681314.487902361,2.1229104261213796
2012-08-31,921613.09,939433.8090606928,1.9336443084475745
2012-09-07,1334961.52,1347873.1012947557,0.9671875257315046
2012-09-14,1198018.42,1206170.7192570288,0.68048196262532
2012-09-21,664745.2,662377.5876823018,0.35616839620627466
2012-09-28,924283.82,937506.1245068319,1.4305459233108635
2012-10-05,1443956.56,1502330.6604530865,4.04264934764287
2012-10-12,1123584.68,1140221.9899789095,1.4807348547071288
2012-10-19,489079.23,491781.0429402351,0.552428476718411
2012-10-26,443891.64,410746.38060726033,7.466970856387311
2012-06-15,1266977.43,1281070.173298207,1.1123121031609202
2012-06-22,1123519.84,1126793.9672797176,0.2914169526118448
2012-06-29,252709.58000000002,284592.7848211405,12.616539832459262
2012-07-06,943047.78,938216.001023054,0.51235781255389
2012-07-13,772318.1,728488.0643467522,5.6751273410849405
2012-07-20,293804.45,320265.60187658196,9.006382264319669
2012-07-27,521320.98,530640.419432061,1.7876586190835912
2012-08-03,409600.98,399791.47338592383,2.3948933457327537
2012-08-10,1447365.7,1394546.145821073,3.6493578767913917
2012-08-17,882182.87,895743.1541986454,1.5371284865965926
2012-08-24,1210267.93,1251298.3699542272,3.390194760777252
2012-08-31,526217.72,550224.1691090567,4.5620753913526
2012-09-07,597017.48,590098.9978907488,1.1588407946198158
2012-09-14,336029.84,329747.53691599134,1.8695670253596186
2012-09-21,723086.2,732049.6719834574,1.2396132001215694
2012-09-28,1341996.28,1357593.8714566696,1.162267860881821
2012-10-05,1565113.47,1523458.2156309271,2.661484625077877
2012-10-12,386581.33,399618.0580513317,3.372311862896149
2012-10-19,1798711.02,1835924.4224045943,2.068892778818592
2012-10-26,310141.68,335605.6907910108,8.210444591327038
2012-06-15,1346836.8399999999,1354294.8742919106,0.55374445295918
2012-06-22,525934.76,548424.0499259856,4.276060765785022
2012-06-29,884724.41,856133.0174873936,3.231672166997908
2012-07-06,516361.06,551639.1473229312,6.832058041505146
2012-07-13,1571272.83,1511259.9695007685,3.8193787452705843
2012-07-20,1219512.21,1275794.6521497087,4.615160199971163
2012-07-27,880415.67,894347.4698437144,1.5824116174254759
2012-08-03,1703089.4,1726838.7556474027,1.3944867279076962
2012-08-10,1394665.48,1602857.134203678,14.927712572600422
2012-08-17,553901.97,553674.9520877983,0.04098521480284675
2012-08-24,469607.73,492030.9893233195,4.774891444678634
2012-08-31,961437.18,903472.3197677402,6.028980513553662
2012-09-07,1002869.07,865902.2136395756,13.657501308762502
2012-09-14,1288588.1,1264930.6014395203,1.835924028825025
2012-09-21,1767033.43,1791354.8789394656,1.3764000457798746
2012-09-28,647097.65,666427.0049009282,2.987084700574668
2012-10-05,973654.52,966429.3440616427,0.7420677242228965
2012-10-12,1319035.06,1327619.7455166297,0.650830730506102
2012-10-19,1198916.95,1232698.0350072912,2.817633448863267
2012-10-26,683300.84,654436.9901172325,4.224178896482466
2012-06-15,925845.18,940547.0873080821,1.587944466922871
2012-06-22,1443265.76,1495495.7702494718,3.618876834538897
2012-06-29,1119732.63,1118591.4016729288,0.10191971694805942
2012-07-06,489725.91000000003,482325.14193274156,1.511206149427231
2012-07-13,425410.04,404860.5671641719,4.830509603353058
2012-07-20,1197416.63,1264479.6610112395,5.60064302858727
2012-07-27,1123570.0,1119050.2278987207,0.4022688485167233
2012-08-03,242813.51,284946.5009335292,17.351996160975233
2012-08-10,928797.31,904545.9730927361,2.6110472808393426
2012-08-17,798802.19,743226.0304248723,6.957437056491751
2012-08-24,270677.98,322533.3307605301,19.157580073757792
2012-08-31,527953.14,529507.9843165128,0.29450422749882915
2012-09-07,398469.58,396805.65947586385,0.41757780459330507
2012-09-14,1406008.9,1384472.744132905,1.5317225849064593
2012-09-21,899458.6799999999,926963.2062871407,3.0578976998855345
2012-09-28,1234967.89,1244995.5893799101,0.811980575455306
2012-10-05,505978.46,535391.1094953784,5.813024035722474
2012-10-12,577792.32,575263.0602231402,0.4377454821240575
2012-10-19,355363.27,322011.8057713969,9.38517484618011
2012-10-26,713173.95,724415.0128215497,1.5762021063093674
2012-06-15,1505275.72,1477005.6411797244,1.8780664860704461
2012-06-22,1741071.88,1585465.0823397855,8.937413753429546
2012-06-29,419199.49,414477.1482294994,1.1265141974530037
2012-07-06,1883801.45,1932083.9043743515,2.563033082618741
2012-07-13,343048.29,347244.12736121035,1.223104001250196
2012-07-20,1461061.24,1471757.5133737784,0.7320893252755404
2012-07-27,505830.56,561711.14426977,11.047293044091685
2012-08-03,976436.02,946981.5184507783,3.016531646305069
2012-08-10,602925.3200000001,560972.372725225,6.958232783253323
2012-08-17,1634434.56,1628564.1546612012,0.35917041174159225
2012-08-24,1389693.97,1352826.5082365775,2.6529194599169537
2012-08-31,976851.62,982254.6518118083,0.5531067053774608
2012-09-07,1767714.38,1822855.447448366,3.1193425856707804
2012-09-14,1502720.73,1692929.9848858796,12.657658278652987
2012-09-21,573498.64,580512.6334337981,1.2230183202872253
2012-09-28,471281.68,502381.3741716079,6.598960980534593
2012-10-05,940777.6,959309.5955562092,1.9698593542415588
2012-10-12,1087578.93,993073.4870219451,8.689524996411514
2012-10-19,1342037.57,1368351.1285166398,1.9607169802734918
2012-10-26,1915871.67,1860749.6253359788,2.8771261419623744
2012-06-15,651768.91,672631.8200492647,3.2009673565535164
2012-06-22,1009911.4,1013316.2023050574,0.3371387138572168
2012-06-29,1450921.45,1440223.3658879793,0.7373303435565499
2012-07-06,1309430.96,1289044.96696313,1.5568589455735728
2012-07-13,699536.73,673693.5566544087,3.69432686480827
2012-07-20,1027379.19,1020336.080122473,0.6855414189893211
2012-07-27,1479323.26,1545677.1464880174,4.4854216980281505
2012-08-03,1345906.43,1344057.1984574657,0.13739673883081122
2012-08-10,520646.8,520331.04647891584,0.06064639619107333
2012-08-17,446751.45,417135.4952232778,6.629179329294228
2012-08-24,1253860.18,1309719.4166763236,4.454981310302373
2012-08-31,1161023.21,1150606.1703457565,0.8972292340515315
2012-09-07,265444.9,288473.5563961637,8.675494008799447
2012-09-14,968433.11,974424.3713974864,0.6186551591040125
2012-09-21,852301.09,762723.5725385208,10.510078951263477
2012-09-28,277168.71,328857.816140173,18.6489687599199
2012-10-05,546122.37,537124.6984436575,1.6475559417832508
2012-10-12,458479.01,411112.0763177231,10.331320005746157
2012-10-19,1460810.81,1421832.1925564692,2.668286486977107
2012-10-26,1018685.99,1001740.8670165575,1.6634294718672338
2012-06-15,1302131.6199999999,1291435.480935377,0.8214330180095628
2012-06-22,574067.47,599195.921807003,4.37726454122248
2012-06-29,631268.05,606494.7594758639,3.924369453536601
2012-07-06,337390.44,328896.24882529886,2.517614658761863
2012-07-13,733455.0700000001,747848.6045842638,1.9624289439111364
2012-07-20,1405286.42,1408474.9152689616,0.22689291119469068
2012-07-27,1658247.98,1569748.2179956026,5.336943754600403
2012-08-03,390191.88,409114.557130944,4.849582500523583
2012-08-10,1870136.64,1936724.9713694628,3.560613162975241
2012-08-17,325345.41,332534.22341609106,2.209594232815851
2012-08-24,1418363.31,1411100.010990484,0.5120901646501372
2012-08-31,503463.93,556714.9521714654,10.576928951288604
2012-09-07,927511.99,896290.2694596035,3.366179723498401
2012-09-14,555592.71,556732.8849411564,0.20521776485447565
2012-09-21,1596707.82,1602014.7999889182,0.33237013825849326
2012-09-28,1292006.34,1310410.7060510386,1.4244795463649575
2012-10-05,934923.44,959351.5883080936,2.6128501290002593
2012-10-12,1739335.09,1791079.677503808,2.9749636974096725
2012-10-19,1492601.9,1650168.4509153133,10.556502099810634
2012-10-26,551799.63,562478.4594640372,1.9352730381564778
2012-06-15,491817.19,516194.6286155399,4.956605647626901
2012-06-22,910777.61,920628.1673159539,1.08155461967866
2012-06-29,1074079.95,967714.6922120843,9.902918101014329
2012-07-06,1291154.89,1288388.15734671,0.21428355921649345
2012-07-13,1848195.18,1800176.0263488793,2.598164640334178
2012-07-20,653043.44,677177.528951843,3.695633012076975
2012-07-27,1004117.84,980987.404352792,2.303557881932265
2012-08-03,1409996.9000000001,1357213.1124220458,3.7435392643738687
2012-08-10,1315476.15,1270062.4928960034,3.4522600127715344
2012-08-17,697317.41,671681.0808490524,3.6764217820042133
2012-08-24,994749.92,980867.9020713447,1.3955284287587955
2012-08-31,1528341.03,1537088.151947025,0.5723278885619494
2012-09-07,1168621.14,1204166.264790252,3.041629453173523
2012-09-14,513737.0,504222.88544328255,1.851942639272128
2012-09-21,434593.26,419192.2964478579,3.54376493370884
2012-09-28,1269291.36,1299367.2602380184,2.3695032666115563
2012-10-05,1133443.56,1167138.4834268952,2.9727923485572734
2012-10-12,291781.14999999997,289901.8872537112,0.6440658508230537
2012-10-19,942390.56,949965.7211611938,0.8038239645772491
2012-10-26,860950.67,755036.5167790112,12.30200020879115
2012-06-15,300247.81,328311.39676558727,9.346808146772918
2012-06-22,521810.75,532341.9712720143,2.018207036174382
2012-06-29,429033.64,416591.29603347904,2.9000858689125106
2012-07-06,1401415.89,1409511.6327127672,0.5776830968262625
2012-07-13,954242.71,946749.5837353776,0.7852432285935219
2012-07-20,1305843.3,1274692.047548129,2.3855276090072257
2012-07-27,584707.91,594869.4405044605,1.7378814841859154
2012-08-03,607982.64,596097.1968625142,1.954898438791898
2012-08-10,337796.13,318438.0094582788,5.73071116644268
2012-08-17,734464.36,752633.0742064823,2.473736670691861
2012-08-24,1373529.5,1410606.2258127143,2.6993760099593285
2012-08-31,1638053.05,1623477.1018965482,0.8898337024830708
2012-09-07,407413.43,415908.30889308656,2.0850758142868706
2012-09-14,1845138.04,1928392.0981475909,4.512077489204593
2012-09-21,313358.15,344729.9620794037,10.011487519760907
2012-09-28,1403278.44,1423514.453916628,1.4420526489830463
2012-10-05,516424.83,576054.8053878868,11.546690229415733
2012-10-12,900309.75,924255.4092151836,2.6597134169860515
2012-10-19,542009.46,560891.8202973512,3.483769507888527
2012-10-26,1637536.39,1606354.0958420422,1.9042199213635587
2012-06-15,1227403.06,1346782.9004733076,9.726213365746988
2012-06-22,960968.35,970212.7518010692,0.9619881654863314
2012-06-29,1760094.28,1794312.8385798973,1.9441321393247908
2012-07-06,1454675.38,1700141.1434176904,16.87426396243061
2012-07-13,555652.77,604954.392837291,8.872739505517265
2012-07-20,540673.62,540201.2944751234,0.08735871464869928
2012-07-27,936481.57,921818.4425000461,1.5657678666280472
2012-08-03,1048709.74,1037637.1661117942,1.0558282683829947
2012-08-10,1274986.14,1315572.294164919,3.1832623815753145
2012-08-17,1760112.74,1844815.3572528919,4.812340444333803
2012-08-24,641368.14,708857.8459312745,10.522771825129084
2012-08-31,978027.95,1003318.3780984889,2.585859442819497
2012-09-07,1363155.77,1428307.650871701,4.779489058077424
2012-09-14,1193433.94,1268905.315295091,6.323883774839767
2012-09-21,685531.85,689324.1594654493,0.5531923083441423
2012-09-28,924914.18,977411.2566871542,5.675886241375835
2012-10-05,1509420.0999999999,1552638.8235163877,2.863266728486514
2012-10-12,1126542.98,1187686.2324520443,5.427511736129613
2012-10-19,516909.24,516593.75635322114,0.06103269633540609
2012-10-26,437537.29,418224.4566328051,4.413985689584279
2012-06-15,1265319.67,1316428.5352490088,4.039205780228555
2012-06-22,1159403.46,1164250.9210279656,0.41809958269105457
2012-06-29,254412.34,287104.04917281115,12.84989131140854
2012-07-06,962902.83,977014.412577874,1.4655250912362643
2012-07-13,825244.66,757410.6966755696,8.219860922751126
2012-07-20,287360.05,327183.7291034782,13.858460528343523
2012-07-27,551969.1,538463.8124905718,2.4467470206988438
2012-08-03,424436.63,415826.0364817489,2.028711216148118
2012-08-10,1466362.06,1438317.9245532157,1.9124973437177117
2012-08-17,899749.28,955593.990996507,6.206696936340641
2012-08-24,1242731.23,1282859.169137375,3.22901188677579
2012-08-31,537434.85,554351.9526975495,3.147749480248537
2012-09-07,614251.4,598429.226700769,2.575846518091938
2012-09-14,323766.77,327735.101389838,1.2256759363655376
2012-09-21,718125.53,747982.9282834011,4.157685117169005
2012-09-28,1384226.55,1396885.6607925785,0.914525934542899
2012-10-05,1646776.26,1607732.7118413583,2.370907882692071
2012-10-12,396664.5,412475.88879396336,3.9860861745791105
2012-10-19,1921159.31,1926628.796904959,0.2846972073835439
2012-10-26,319550.77,344814.34776046575,7.9059667922145
2012-06-15,1397413.83,1426916.422756421,2.1112280502062037
2012-06-22,495543.27999999997,562550.1035981138,13.521891286289623
2012-06-29,891671.4400000001,907485.7853147062,1.7735619428055354
2012-07-06,549731.49,562798.8159892027,2.377037922496074
2012-07-13,1638573.01,1633147.2005894878,0.33113015882717456
2012-07-20,1200729.45,1334993.685328097,11.181889086512964
2012-07-27,974697.6,1011240.7714459115,3.7491804069191836
2012-08-03,1793489.23,1801188.120831377,0.4292688633194148
2012-08-10,1539506.92,1743790.8373427887,13.269438070651141
2012-08-17,558473.6,591719.3970935163,5.9529755915975855
2012-08-24,475770.14,527872.5100277098,10.95116436431041
2012-08-31,943476.29,961585.1397093195,1.919375176806978
2012-09-07,1122368.15,1072261.9609946767,4.464327413899194
2012-09-14,1276711.28,1350568.8148443392,5.784983339721031
2012-09-21,1795148.0999999999,1869741.6263902138,4.155285371174333
2012-09-28,675202.87,720689.0452932824,6.736667942966886
2012-10-05,1093904.5,1072777.0520404037,1.9313795637184317
2012-10-12,1347454.59,1416881.827556098,5.15247326858696
2012-10-19,1228198.43,1289325.1016266602,4.9769377759797555
2012-10-26,688940.9400000001,720894.5014905137,4.638069772789756
2012-06-15,935279.09,983478.081264753,5.15343406904917
2012-06-22,1557822.94,1561086.5915792654,0.20950080368347143
2012-06-29,1193105.53,1222034.7041696995,2.424695338533837
2012-07-06,535148.83,521149.279970354,2.6160105833821903
2012-07-13,439424.5,417567.4582660102,4.974015270880386
2012-07-20,1248337.02,1302726.4610142258,4.3569516999684765
2012-07-27,1176009.03,1180172.6904363153,0.3540500395915522
2012-08-03,253731.13,288189.20979292394,13.58054874580188
2012-08-10,956987.8099999999,980008.5004640806,2.405536436674221
2012-08-17,861484.26,755546.522804375,12.297118138365635
2012-08-24,272489.41,326946.5059199226,19.98503204947401
2012-08-31,534738.43,533602.4861685677,0.21242981010966014
2012-09-07,417290.38,416112.7650102932,0.2822051612373093
2012-09-14,1465900.4,1452422.2966642864,0.9194419577014579
2012-09-21,904709.66,962793.0482816959,6.420113639738951
2012-09-28,1239832.71,1297141.2879879035,4.622283113332564
2012-10-05,514758.55000000005,539257.6656415586,4.759341178802866
2012-10-12,587313.53,591182.2679309663,0.6587176581759163
2012-10-19,361067.07,327868.1903292537,9.194657289225056
2012-10-26,760281.43,745839.2644493843,1.8995815208344302
